"OrderDetailID","OrderID","CourseID","StarterID","DessertID","DrinkID","SideID"
"1001","ORD-488280","6","1","4","3","3"
"1002","ORD-885629","1","5","2","4","1"
"1003","ORD-965395","6","3","1","1","3"
"1004","ORD-878097","5","2","1","4","2"
"1005","ORD-748482","8","3","3","5","1"
"1006","ORD-891398","5","2","1","3","5"
"1007","ORD-628259","8","4","2","5","1"
"1008","ORD-239133","1","4","1","2","3"
"1009","ORD-768099","4","1","2","1","1"
"1010","ORD-581556","8","5","2","4","1"
"1011","ORD-518259","6","2","1","2","1"
"1012","ORD-524880","5","1","3","3","1"
"1013","ORD-900197","1","1","5","3","5"
"1014","ORD-392447","7","4","4","4","4"
"1015","ORD-947399","7","4","2","2","5"
"1016","ORD-826818","5","4","1","2","4"
"1017","ORD-489961","5","5","3","4","2"
"1018","ORD-668738","7","4","4","4","2"
"1019","ORD-228424","2","2","2","2","1"
"1020","ORD-222435","3","1","5","4","4"
"1021","ORD-581556","4","5","3","4","3"
"1022","ORD-223298","8","5","5","2","5"
"1023","ORD-728163","8","2","1","2","4"
"1024","ORD-359029","6","4","2","4","4"
"1025","ORD-538163","6","5","4","5","3"
"1026","ORD-438504","8","3","1","2","2"
"1027","ORD-306981","5","1","4","3","4"
"1028","ORD-748482","8","5","5","2","5"
"1029","ORD-174340","5","3","1","2","4"
"1030","ORD-500601","2","3","1","3","5"
"1031","ORD-863360","6","1","3","5","1"
"1032","ORD-444121","3","4","4","5","1"
"1033","ORD-461953","7","3","2","3","5"
"1034","ORD-189102","4","4","5","4","5"
"1035","ORD-402406","2","1","5","5","5"
"1036","ORD-704966","2","1","4","1","1"
"1037","ORD-833598","4","1","2","3","3"
"1038","ORD-578197","3","3","1","4","5"
"1039","ORD-608502","8","3","5","5","2"
"1040","ORD-951801","8","5","3","1","5"
"1041","ORD-348652","1","1","3","3","2"
"1042","ORD-925275","4","5","3","3","5"
"1043","ORD-994888","1","4","1","3","1"
"1044","ORD-651481","3","4","3","5","5"
"1045","ORD-565121","7","2","3","4","5"
"1046","ORD-617404","1","3","4","1","4"
"1047","ORD-980760","1","1","2","5","2"
"1048","ORD-535069","2","2","2","1","2"
"1049","ORD-290885","5","1","2","5","5"
"1050","ORD-986167","3","3","2","1","3"
"1051","ORD-552121","3","3","5","1","5"
"1052","ORD-777179","5","4","5","3","2"
"1053","ORD-695365","7","1","5","1","4"
"1054","ORD-458858","4","3","5","2","2"
"1055","ORD-428069","5","4","1","4","2"
"1056","ORD-761223","1","2","5","4","4"
"1057","ORD-903805","8","2","5","4","1"
"1058","ORD-400055","6","3","5","1","1"
"1059","ORD-507000","3","5","5","1","3"
"1060","ORD-331950","1","3","1","2","2"
"1061","ORD-596650","7","1","4","3","2"
"1062","ORD-902850","7","4","4","1","1"
"1063","ORD-423081","7","2","4","1","4"
"1064","ORD-525357","4","3","4","3","3"
"1065","ORD-192902","6","5","2","2","2"
"1066","ORD-833598","1","1","1","2","1"
"1067","ORD-724435","1","5","3","5","3"
"1068","ORD-934474","2","4","1","5","4"
"1069","ORD-112700","6","1","5","1","1"
"1070","ORD-351147","3","5","2","3","3"
"1071","ORD-826584","1","4","2","5","2"
"1072","ORD-591895","3","2","2","1","2"
"1073","ORD-213181","4","5","5","5","1"
"1074","ORD-567302","8","5","2","5","3"
"1075","ORD-378925","6","5","4","5","1"
"1076","ORD-597345","6","2","2","2","2"
"1077","ORD-951801","2","5","2","4","3"
"1078","ORD-913852","2","1","2","3","3"
"1079","ORD-790992","6","2","5","1","4"
"1080","ORD-345677","4","1","2","4","1"
"1081","ORD-331887","8","2","1","2","4"
"1082","ORD-822011","6","2","4","4","4"
"1083","ORD-839284","4","4","5","2","1"
"1084","ORD-952391","5","1","2","4","3"
"1085","ORD-565947","7","2","1","4","2"
"1086","ORD-768543","6","3","3","2","3"
"1087","ORD-818150","2","4","4","1","1"
"1088","ORD-322708","8","2","4","1","4"
"1089","ORD-201329","6","2","4","1","5"
"1090","ORD-511867","8","3","5","5","2"
"1091","ORD-488134","8","5","5","2","1"
"1092","ORD-414752","2","2","1","1","1"
"1093","ORD-731669","5","2","5","2","5"
"1094","ORD-228424","1","3","2","4","5"
"1095","ORD-836823","8","1","4","3","4"
"1096","ORD-592377","8","1","3","2","5"
"1097","ORD-526663","8","4","5","3","2"
"1098","ORD-134766","1","3","4","5","3"
"1099","ORD-956073","5","4","5","1","4"
"1100","ORD-694976","6","5","3","1","5"
"1101","ORD-345774","6","3","5","5","1"
"1102","ORD-197930","4","4","2","5","3"
"1103","ORD-986167","8","3","2","4","4"
"1104","ORD-324210","5","5","1","5","2"
"1105","ORD-614047","8","1","1","3","5"
"1106","ORD-176580","1","1","4","4","3"
"1107","ORD-290885","3","5","1","1","5"
"1108","ORD-380252","5","1","5","3","3"
"1109","ORD-174700","2","5","3","1","2"
"1110","ORD-336724","1","4","5","5","2"
"1111","ORD-723158","5","3","5","2","5"
"1112","ORD-913647","5","5","2","2","5"
"1113","ORD-734172","6","3","2","2","1"
"1114","ORD-176414","3","4","5","5","5"
"1115","ORD-308750","1","5","4","5","5"
"1116","ORD-854524","6","3","1","1","2"
"1117","ORD-786599","7","5","5","2","1"
"1118","ORD-581783","7","2","1","3","1"
"1119","ORD-761036","2","3","5","5","2"
"1120","ORD-992707","2","1","1","5","1"
"1121","ORD-761223","1","2","1","3","3"
"1122","ORD-684225","5","4","5","1","4"
"1123","ORD-795970","2","1","4","1","2"
"1124","ORD-598098","2","5","3","2","5"
"1125","ORD-921893","7","4","4","5","5"
"1126","ORD-997450","6","5","1","1","4"
"1127","ORD-807852","4","5","4","2","3"
"1128","ORD-951464","8","1","3","2","5"
"1129","ORD-815263","1","1","2","2","1"
"1130","ORD-230517","8","3","2","4","3"
"1131","ORD-379500","8","2","5","3","5"
"1132","ORD-989831","7","3","3","3","2"
"1133","ORD-308750","7","1","5","5","2"
"1134","ORD-374825","7","3","5","3","3"
"1135","ORD-836059","6","5","1","1","1"
"1136","ORD-342244","4","4","2","4","4"
"1137","ORD-921893","1","1","5","5","3"
"1138","ORD-997450","1","5","3","1","4"
"1139","ORD-615112","8","4","1","1","3"
"1140","ORD-477432","6","4","2","4","2"
"1141","ORD-623298","2","4","4","4","2"
"1142","ORD-875378","6","4","5","1","2"
"1143","ORD-748482","2","3","3","3","5"
"1144","ORD-941100","5","5","1","2","1"
"1145","ORD-368904","1","3","4","3","2"
"1146","ORD-630973","1","3","2","2","4"
"1147","ORD-598098","2","3","2","2","2"
"1148","ORD-866790","1","2","2","1","2"
"1149","ORD-719892","7","3","5","1","5"
"1150","ORD-299504","1","2","2","4","1"
"1151","ORD-250599","1","3","4","5","5"
"1152","ORD-892963","3","5","2","4","3"
"1153","ORD-218144","4","5","1","2","3"
"1154","ORD-224502","2","1","2","2","2"
"1155","ORD-760016","8","1","4","3","4"
"1156","ORD-597067","3","5","1","3","1"
"1157","ORD-487432","2","1","5","3","2"
"1158","ORD-910560","3","1","5","5","3"
"1159","ORD-332327","5","2","5","3","1"
"1160","ORD-533241","4","1","3","5","3"
"1161","ORD-801787","4","5","5","4","5"
"1162","ORD-587404","8","3","3","1","1"
"1163","ORD-968129","1","3","1","2","3"
"1164","ORD-472859","2","1","2","5","1"
"1165","ORD-959720","5","1","1","1","2"
"1166","ORD-749147","5","2","4","5","4"
"1167","ORD-999356","7","3","4","2","5"
"1168","ORD-959720","1","4","1","5","1"
"1169","ORD-306981","8","2","2","1","1"
"1170","ORD-641138","5","3","5","1","1"
"1171","ORD-393622","6","5","3","5","4"
"1172","ORD-958565","2","5","4","4","5"
"1173","ORD-980230","7","2","2","2","1"
"1174","ORD-741031","5","4","3","2","2"
"1175","ORD-321445","3","3","4","5","2"
"1176","ORD-386023","6","1","2","5","1"
"1177","ORD-469180","3","2","3","2","2"
"1178","ORD-262310","8","3","5","3","2"
"1179","ORD-643295","2","3","2","1","3"
"1180","ORD-863360","7","4","5","4","3"
"1181","ORD-700192","2","5","5","1","5"
"1182","ORD-752807","7","4","2","4","4"
"1183","ORD-136593","2","5","3","2","2"
"1184","ORD-380230","4","5","3","1","3"
"1185","ORD-919696","2","5","1","5","5"
"1186","ORD-559900","5","2","1","5","2"
"1187","ORD-384224","5","3","1","1","5"
"1188","ORD-723158","4","5","4","4","2"
"1189","ORD-875378","1","4","4","4","4"
"1190","ORD-531872","2","3","1","4","2"
"1191","ORD-793015","8","5","5","1","3"
"1192","ORD-460199","7","4","4","1","1"
"1193","ORD-423927","7","5","2","1","3"
"1194","ORD-511377","4","1","4","1","3"
"1195","ORD-889563","7","4","5","3","3"
"1196","ORD-174023","1","2","2","1","1"
"1197","ORD-560597","1","2","4","2","3"
"1198","ORD-570891","7","4","2","1","3"
"1199","ORD-930434","6","1","1","3","2"
"1200","ORD-705335","3","2","4","2","1"
"1201","ORD-869390","3","2","3","5","4"
"1202","ORD-579131","8","4","2","3","4"
"1203","ORD-287004","8","3","3","5","4"
"1204","ORD-467075","1","4","3","4","5"
"1205","ORD-835474","6","5","2","2","5"
"1206","ORD-917517","5","1","5","4","1"
"1207","ORD-562820","3","4","3","5","1"
"1208","ORD-597067","4","5","2","4","1"
"1209","ORD-557245","3","1","3","1","4"
"1210","ORD-838137","7","2","5","5","3"
"1211","ORD-819127","5","4","5","4","3"
"1212","ORD-932762","5","1","5","1","5"
"1213","ORD-565183","6","4","5","4","5"
"1214","ORD-264817","2","4","5","5","5"
"1215","ORD-134515","3","3","5","3","3"
"1216","ORD-138102","7","1","1","4","5"
"1217","ORD-833046","5","3","2","1","3"
"1218","ORD-623298","6","3","3","2","4"
"1219","ORD-834718","5","3","5","4","2"
"1220","ORD-286798","1","2","4","2","3"
"1221","ORD-866790","5","5","4","5","2"
"1222","ORD-776296","8","2","1","5","3"
"1223","ORD-360123","1","1","2","3","4"
"1224","ORD-898421","4","5","1","2","5"
"1225","ORD-987604","2","3","3","2","4"
"1226","ORD-382588","4","5","1","2","4"
"1227","ORD-218110","1","4","5","1","1"
"1228","ORD-834718","1","5","5","1","3"
"1229","ORD-877672","1","5","2","3","5"
"1230","ORD-866790","2","1","3","1","4"
"1231","ORD-954478","2","4","5","1","1"
"1232","ORD-343060","5","5","2","5","3"
"1233","ORD-976598","1","5","5","4","3"
"1234","ORD-941070","1","5","1","4","5"
"1235","ORD-343060","7","3","4","1","3"
"1236","ORD-299206","8","2","3","3","4"
"1237","ORD-772529","4","2","3","4","3"
"1238","ORD-928898","3","3","2","4","1"
"1239","ORD-937643","4","3","2","2","5"
"1240","ORD-234305","3","3","1","3","3"
"1241","ORD-537071","5","1","4","3","2"
"1242","ORD-937643","1","2","1","2","2"
"1243","ORD-597165","2","1","3","4","1"
"1244","ORD-705335","6","4","1","2","1"
"1245","ORD-524147","7","1","4","2","4"
"1246","ORD-327075","8","4","3","4","1"
"1247","ORD-254082","4","4","1","5","5"
"1248","ORD-808817","4","5","3","2","3"
"1249","ORD-599380","8","1","4","1","2"
"1250","ORD-573676","1","5","5","2","4"
"1251","ORD-854524","8","1","1","3","3"
"1252","ORD-819127","2","4","3","1","5"
"1253","ORD-395972","1","5","5","4","1"
"1254","ORD-581783","5","5","5","5","2"
"1255","ORD-567676","7","3","3","2","4"
"1256","ORD-405664","6","5","3","4","5"
"1257","ORD-154143","7","2","3","2","4"
"1258","ORD-343772","1","3","1","5","5"
"1259","ORD-984446","2","4","1","1","5"
"1260","ORD-740313","7","5","1","1","2"
"1261","ORD-438636","7","3","2","3","4"
"1262","ORD-245260","3","4","2","1","4"
"1263","ORD-599691","4","4","4","3","4"
"1264","ORD-194700","6","2","2","1","1"
"1265","ORD-995935","6","2","2","4","1"
"1266","ORD-908243","2","5","2","1","4"
"1267","ORD-826584","7","1","5","3","5"
"1268","ORD-853661","7","3","4","5","2"
"1269","ORD-376226","4","2","2","5","2"
"1270","ORD-515527","4","1","2","2","3"
"1271","ORD-695365","3","2","4","2","3"
"1272","ORD-800392","5","4","3","2","5"
"1273","ORD-626948","2","2","3","4","4"
"1274","ORD-260405","4","2","3","4","1"
"1275","ORD-932762","1","3","2","1","4"
"1276","ORD-296827","6","1","5","2","3"
"1277","ORD-761036","3","1","3","2","4"
"1278","ORD-857893","6","4","5","5","1"
"1279","ORD-577169","2","2","1","5","1"
"1280","ORD-991583","5","4","5","5","1"
"1281","ORD-399907","7","5","1","4","5"
"1282","ORD-581783","4","3","2","2","2"
"1283","ORD-663082","4","3","3","4","3"
"1284","ORD-370660","2","5","2","4","5"
"1285","ORD-257084","4","4","3","4","4"
"1286","ORD-643295","3","3","5","2","5"
"1287","ORD-213181","4","2","2","3","4"
"1288","ORD-940621","7","2","3","5","3"
"1289","ORD-724435","3","4","2","4","4"
"1290","ORD-940374","4","5","2","3","4"
"1291","ORD-464480","5","5","1","4","1"
"1292","ORD-814531","4","2","5","2","2"
"1293","ORD-134766","1","2","1","1","1"
"1294","ORD-329153","4","3","5","3","5"
"1295","ORD-524147","8","2","4","2","2"
"1296","ORD-581556","8","4","2","1","4"
"1297","ORD-453802","3","1","4","4","1"
"1298","ORD-740313","7","3","3","1","5"
"1299","ORD-511377","6","3","4","5","4"
"1300","ORD-877361","5","3","2","5","1"
"1301","ORD-675412","2","1","5","2","5"
"1302","ORD-758399","7","2","1","3","4"
"1303","ORD-573415","4","4","5","5","1"
"1304","ORD-441613","2","4","2","4","2"
"1305","ORD-474117","5","1","4","1","1"
"1306","ORD-145438","8","2","5","3","4"
"1307","ORD-493615","3","5","2","5","3"
"1308","ORD-445279","6","4","1","2","1"
"1309","ORD-654719","8","3","3","4","1"
"1310","ORD-218897","6","5","1","1","4"
"1311","ORD-907796","2","2","3","3","2"
"1312","ORD-156892","8","3","2","1","2"
"1313","ORD-643384","3","1","5","1","2"
"1314","ORD-188965","7","3","3","1","2"
"1315","ORD-404610","2","2","4","2","4"
"1316","ORD-696668","6","4","2","3","2"
"1317","ORD-891706","2","4","3","2","4"
"1318","ORD-210969","8","4","3","1","1"
"1319","ORD-816334","5","4","5","5","1"
"1320","ORD-737072","2","2","4","4","3"
"1321","ORD-887966","2","1","1","3","1"
"1322","ORD-223298","8","5","2","5","1"
"1323","ORD-668952","5","4","4","3","5"
"1324","ORD-678016","1","3","4","5","3"
"1325","ORD-343772","3","4","1","3","3"
"1326","ORD-104439","7","4","4","4","5"
"1327","ORD-630973","3","2","4","5","5"
"1328","ORD-694976","3","3","5","4","1"
"1329","ORD-383065","3","3","1","2","4"
"1330","ORD-498293","8","5","3","4","3"
"1331","ORD-645128","2","4","4","1","1"
"1332","ORD-953757","2","1","3","4","3"
"1333","ORD-343772","3","1","2","1","3"
"1334","ORD-192720","3","2","2","5","5"
"1335","ORD-281109","5","4","2","2","2"
"1336","ORD-295551","7","4","2","5","4"
"1337","ORD-699469","3","1","3","5","4"
"1338","ORD-412352","4","5","1","1","5"
"1339","ORD-538003","4","4","2","2","3"
"1340","ORD-428069","3","2","3","1","5"
"1341","ORD-769947","7","3","4","2","3"
"1342","ORD-460199","7","2","2","2","4"
"1343","ORD-586918","6","4","5","4","2"
"1344","ORD-111527","6","3","5","1","2"
"1345","ORD-210932","5","5","3","3","4"
"1346","ORD-814531","2","3","4","1","3"
"1347","ORD-254082","3","1","5","1","3"
"1348","ORD-432274","1","4","2","3","4"
"1349","ORD-560597","1","2","2","4","1"
"1350","ORD-332548","3","3","3","2","3"
"1351","ORD-665670","4","1","5","4","5"
"1352","ORD-395972","2","4","5","3","5"
"1353","ORD-640894","2","1","5","5","5"
"1354","ORD-566291","2","4","5","3","4"
"1355","ORD-162189","7","4","5","3","2"
"1356","ORD-404610","5","4","3","4","2"
"1357","ORD-441033","3","4","2","2","2"
"1358","ORD-183102","1","4","5","2","4"
"1359","ORD-444121","4","4","2","1","3"
"1360","ORD-120174","2","2","3","4","5"
"1361","ORD-567302","1","1","1","5","4"
"1362","ORD-719925","5","1","4","5","1"
"1363","ORD-431414","1","2","2","3","3"
"1364","ORD-659276","8","5","2","2","5"
"1365","ORD-786413","2","5","2","2","4"
"1366","ORD-318424","3","4","3","3","3"
"1367","ORD-951464","8","3","2","4","5"
"1368","ORD-692886","8","4","1","1","4"
"1369","ORD-865860","5","2","2","2","3"
"1370","ORD-162428","5","1","3","1","1"
"1371","ORD-371619","1","4","4","3","2"
"1372","ORD-763655","5","1","2","1","1"
"1373","ORD-481648","1","1","5","4","1"
"1374","ORD-889888","5","2","2","5","5"
"1375","ORD-135528","4","2","5","3","3"
"1376","ORD-869390","3","4","5","1","2"
"1377","ORD-758399","4","2","5","3","5"
"1378","ORD-104658","6","3","4","5","5"
"1379","ORD-424928","1","5","2","1","5"
"1380","ORD-582914","5","3","1","1","3"
"1381","ORD-339785","4","2","3","1","3"
"1382","ORD-975459","7","2","2","1","1"
"1383","ORD-898421","7","1","3","3","4"
"1384","ORD-495560","8","1","4","5","5"
"1385","ORD-379500","5","3","1","3","4"
"1386","ORD-588108","5","4","4","5","1"
"1387","ORD-174023","4","3","1","2","1"
"1388","ORD-157352","7","1","1","5","5"
"1389","ORD-446535","7","4","3","5","1"
"1390","ORD-894466","6","5","3","4","5"
"1391","ORD-892963","4","3","4","1","1"
"1392","ORD-229617","7","2","2","1","4"
"1393","ORD-314244","7","4","2","3","5"
"1394","ORD-253449","4","1","3","5","2"
"1395","ORD-286798","5","3","4","5","5"
"1396","ORD-629158","5","2","2","3","1"
"1397","ORD-891706","8","4","2","4","2"
"1398","ORD-701172","7","4","5","5","4"
"1399","ORD-232940","5","4","2","1","5"
"1400","ORD-874207","6","2","4","5","5"
"1401","ORD-174023","7","5","5","5","5"
"1402","ORD-438636","3","3","4","5","3"
"1403","ORD-953031","1","2","4","5","1"
"1404","ORD-314244","5","5","1","5","5"
"1405","ORD-996498","5","4","4","4","2"
"1406","ORD-201329","4","5","4","4","2"
"1407","ORD-321445","4","5","3","5","5"
"1408","ORD-882818","6","1","5","2","1"
"1409","ORD-174700","7","3","1","5","2"
"1410","ORD-382588","7","3","1","2","2"
"1411","ORD-718400","1","5","2","5","5"
"1412","ORD-712243","8","3","3","4","4"
"1413","ORD-263976","2","4","4","2","3"
"1414","ORD-469056","5","3","4","1","1"
"1415","ORD-645830","7","1","1","3","5"
"1416","ORD-694143","3","5","1","5","3"
"1417","ORD-266901","4","4","5","1","4"
"1418","ORD-977346","8","4","1","2","3"
"1419","ORD-580264","7","3","4","2","5"
"1420","ORD-218351","3","2","5","5","4"
"1421","ORD-547475","4","2","5","5","2"
"1422","ORD-598322","7","5","2","5","4"
"1423","ORD-197809","6","3","2","5","5"
"1424","ORD-336724","4","1","2","3","2"
"1425","ORD-724435","3","4","5","3","4"
"1426","ORD-694976","5","1","4","2","1"
"1427","ORD-136408","6","5","1","2","1"
"1428","ORD-218144","2","2","4","2","1"
"1429","ORD-456654","8","4","2","3","1"
"1430","ORD-189102","1","3","5","4","1"
"1431","ORD-919170","3","2","2","1","3"
"1432","ORD-727430","3","3","3","1","4"
"1433","ORD-372570","3","1","4","5","2"
"1434","ORD-844114","2","5","3","1","4"
"1435","ORD-907796","7","3","3","4","2"
"1436","ORD-463722","6","2","5","1","4"
"1437","ORD-807852","1","4","1","3","4"
"1438","ORD-136593","5","2","2","4","3"
"1439","ORD-608107","4","1","2","2","1"
"1440","ORD-481648","4","2","1","4","2"
"1441","ORD-868911","2","5","5","1","5"
"1442","ORD-640894","3","1","1","3","5"
"1443","ORD-900197","6","2","2","3","3"
"1444","ORD-478072","1","1","4","4","3"
"1445","ORD-982157","7","2","4","1","1"
"1446","ORD-807852","5","2","4","1","3"
"1447","ORD-986247","3","3","3","4","2"
"1448","ORD-980230","6","3","2","2","4"
"1449","ORD-137313","4","5","2","2","3"
"1450","ORD-535069","6","1","5","1","5"
"1451","ORD-753680","4","4","5","2","4"
"1452","ORD-438636","3","4","5","2","5"
"1453","ORD-351719","4","5","1","4","4"
"1454","ORD-351719","5","4","2","3","5"
"1455","ORD-764357","5","1","1","5","4"
"1456","ORD-902850","8","4","5","1","4"
"1457","ORD-343772","6","4","4","4","5"
"1458","ORD-727430","5","2","1","4","4"
"1459","ORD-308750","4","1","3","3","5"
"1460","ORD-728163","6","1","2","4","1"
"1461","ORD-913647","2","3","4","3","5"
"1462","ORD-629158","3","1","3","4","2"
"1463","ORD-996498","5","3","4","5","4"
"1464","ORD-104439","8","2","5","3","3"
"1465","ORD-355633","7","5","2","3","1"
"1466","ORD-244056","4","5","3","1","4"
"1467","ORD-488441","8","4","2","3","1"
"1468","ORD-507027","7","3","5","3","1"
"1469","ORD-796141","8","4","5","3","4"
"1470","ORD-392542","4","2","5","1","3"
"1471","ORD-887966","2","5","4","5","5"
"1472","ORD-877361","4","1","4","5","5"
"1473","ORD-444121","5","5","5","1","5"
"1474","ORD-999906","8","2","2","2","1"
"1475","ORD-412643","1","2","2","5","2"
"1476","ORD-345677","1","1","3","5","5"
"1477","ORD-839073","2","5","1","5","3"
"1478","ORD-238904","4","3","5","1","4"
"1479","ORD-471853","4","5","2","5","1"
"1480","ORD-213181","7","1","1","2","3"
"1481","ORD-903805","7","4","5","5","3"
"1482","ORD-977313","8","5","2","4","4"
"1483","ORD-464155","1","4","5","5","3"
"1484","ORD-855129","8","1","1","5","5"
"1485","ORD-498609","4","3","5","4","3"
"1486","ORD-892592","8","3","5","1","2"
"1487","ORD-475236","3","4","1","2","3"
"1488","ORD-685576","8","4","4","4","3"
"1489","ORD-205314","6","2","5","5","1"
"1490","ORD-469056","3","5","4","3","5"
"1491","ORD-458247","2","3","4","1","5"
"1492","ORD-967434","5","4","5","1","2"
"1493","ORD-853661","3","4","5","4","4"
"1494","ORD-143447","7","5","4","1","4"
"1495","ORD-687761","5","4","3","2","4"
"1496","ORD-359437","5","1","1","4","4"
"1497","ORD-254082","5","1","1","1","4"
"1498","ORD-148080","2","3","3","2","3"
"1499","ORD-919170","6","2","4","1","3"
"1500","ORD-863360","3","4","5","4","4"
"1501","ORD-634281","8","1","4","3","5"
"1502","ORD-776069","7","1","1","2","4"
"1503","ORD-773118","3","2","5","1","5"
"1504","ORD-560597","3","5","4","5","2"
"1505","ORD-231963","5","5","1","1","1"
"1506","ORD-603419","7","2","5","2","1"
"1507","ORD-318424","1","2","2","3","3"
"1508","ORD-248801","8","1","4","2","5"
"1509","ORD-106854","3","2","3","1","2"
"1510","ORD-597345","1","3","5","3","5"
"1511","ORD-213883","6","5","3","3","3"
"1512","ORD-492595","3","2","1","1","5"
"1513","ORD-582897","5","5","2","2","3"
"1514","ORD-952404","8","5","2","4","2"
"1515","ORD-544844","2","1","4","5","3"
"1516","ORD-439500","4","4","2","5","4"
"1517","ORD-395972","3","3","1","4","2"
"1518","ORD-749147","3","4","3","3","1"
"1519","ORD-463722","8","4","3","5","4"
"1520","ORD-768642","8","4","5","5","3"
"1521","ORD-734172","3","2","1","2","1"
"1522","ORD-318708","1","4","5","1","2"
"1523","ORD-253339","8","1","2","3","5"
"1524","ORD-587404","6","5","4","4","4"
"1525","ORD-372570","7","3","5","3","1"
"1526","ORD-729537","5","2","4","5","5"
"1527","ORD-768099","5","1","5","2","4"
"1528","ORD-586427","2","3","4","1","5"
"1529","ORD-475236","5","2","4","4","4"
"1530","ORD-989305","5","5","2","3","5"
"1531","ORD-385446","1","5","5","5","5"
"1532","ORD-831243","3","3","5","1","2"
"1533","ORD-731669","3","3","3","5","3"
"1534","ORD-889563","2","5","2","3","2"
"1535","ORD-194700","4","2","3","5","2"
"1536","ORD-464336","4","3","5","3","3"
"1537","ORD-563301","7","3","1","4","2"
"1538","ORD-569320","1","2","5","2","1"
"1539","ORD-262310","4","2","2","5","5"
"1540","ORD-347930","1","2","5","4","5"
"1541","ORD-585335","2","5","5","4","2"
"1542","ORD-889563","6","4","1","2","4"
"1543","ORD-960130","4","3","2","3","5"
"1544","ORD-162189","4","4","1","3","2"
"1545","ORD-534130","6","4","2","2","1"
"1546","ORD-901110","8","1","3","1","3"
"1547","ORD-444569","5","1","2","2","1"
"1548","ORD-994888","5","4","3","1","5"
"1549","ORD-856605","2","2","1","1","2"
"1550","ORD-836215","4","1","5","5","2"
"1551","ORD-839284","6","4","2","2","5"
"1552","ORD-954478","3","4","3","5","5"
"1553","ORD-790992","2","3","2","5","1"
"1554","ORD-833598","1","3","5","4","1"
"1555","ORD-567688","7","2","1","3","4"
"1556","ORD-976809","6","1","1","1","5"
"1557","ORD-650100","1","4","4","3","1"
"1558","ORD-533463","7","3","3","1","1"
"1559","ORD-196403","8","3","4","1","4"
"1560","ORD-976598","1","1","4","1","3"
"1561","ORD-912480","5","2","2","2","4"
"1562","ORD-469180","1","2","3","1","1"
"1563","ORD-211695","3","2","2","2","2"
"1564","ORD-491492","2","1","5","1","5"
"1565","ORD-807852","1","5","2","5","1"
"1566","ORD-899990","8","3","4","5","1"
"1567","ORD-717432","1","2","5","5","2"
"1568","ORD-299206","8","4","2","5","5"
"1569","ORD-899990","7","5","4","3","4"
"1570","ORD-369990","6","3","1","2","3"
"1571","ORD-753680","6","5","4","4","2"
"1572","ORD-348652","5","1","3","4","5"
"1573","ORD-326228","3","5","4","5","4"
"1574","ORD-666205","3","4","4","1","1"
"1575","ORD-632050","2","3","5","2","1"
"1576","ORD-455661","7","3","2","2","3"
"1577","ORD-999906","4","1","5","2","2"
"1578","ORD-981176","7","5","1","1","3"
"1579","ORD-835663","7","3","2","4","5"
"1580","ORD-785863","1","4","5","1","2"
"1581","ORD-441738","5","2","2","4","2"
"1582","ORD-866687","5","1","3","2","1"
"1583","ORD-823082","1","2","3","2","1"
"1584","ORD-741129","2","3","3","4","2"
"1585","ORD-306125","2","1","2","2","4"
"1586","ORD-374825","8","4","3","1","3"
"1587","ORD-565121","5","3","1","3","5"
"1588","ORD-262369","1","4","1","5","1"
"1589","ORD-926218","4","2","4","2","5"
"1590","ORD-162189","8","2","4","1","3"
"1591","ORD-306013","3","3","3","4","4"
"1592","ORD-221531","2","4","4","3","4"
"1593","ORD-218110","6","2","1","3","3"
"1594","ORD-227872","5","4","1","4","5"
"1595","ORD-544844","3","1","2","5","4"
"1596","ORD-869694","7","5","1","1","5"
"1597","ORD-982157","5","3","3","2","4"
"1598","ORD-687761","1","4","3","3","3"
"1599","ORD-101367","1","5","3","4","4"
"1600","ORD-932762","4","4","5","3","1"
"1601","ORD-839284","2","5","3","1","5"
"1602","ORD-918231","1","1","2","4","5"
"1603","ORD-507027","4","2","5","5","5"
"1604","ORD-341077","3","4","4","4","1"
"1605","ORD-582897","6","4","4","2","5"
"1606","ORD-475225","4","3","1","4","3"
"1607","ORD-484170","6","3","4","3","1"
"1608","ORD-582044","6","1","2","4","3"
"1609","ORD-522028","2","4","3","1","1"
"1610","ORD-589236","6","1","4","1","1"
"1611","ORD-875378","3","2","2","4","1"
"1612","ORD-597067","6","2","5","1","1"
"1613","ORD-701172","4","1","1","1","1"
"1614","ORD-521570","6","1","3","3","2"
"1615","ORD-321511","8","2","3","3","3"
"1616","ORD-382588","6","3","4","3","5"
"1617","ORD-945689","4","4","1","5","4"
"1618","ORD-565183","1","2","1","4","5"
"1619","ORD-365478","6","5","4","5","3"
"1620","ORD-228424","7","2","3","5","2"
"1621","ORD-567688","7","5","5","3","1"
"1622","ORD-584450","1","5","4","1","3"
"1623","ORD-346729","7","5","3","4","4"
"1624","ORD-839073","2","1","5","1","1"
"1625","ORD-993076","5","2","4","2","1"
"1626","ORD-423081","3","4","3","3","5"
"1627","ORD-174340","4","5","1","4","5"
"1628","ORD-887966","3","2","2","4","4"
"1629","ORD-956073","5","4","3","5","5"
"1630","ORD-936295","1","4","4","4","3"
"1631","ORD-594904","2","4","3","4","1"
"1632","ORD-342244","3","3","2","2","2"
"1633","ORD-702676","8","5","5","4","2"
"1634","ORD-980230","2","4","3","4","2"
"1635","ORD-646074","3","5","5","4","2"
"1636","ORD-650861","6","2","3","1","3"
"1637","ORD-380230","8","3","2","3","2"
"1638","ORD-630973","1","1","5","4","2"
"1639","ORD-537071","3","1","2","5","2"
"1640","ORD-210969","1","5","5","5","1"
"1641","ORD-202456","6","5","5","2","2"
"1642","ORD-302427","4","5","5","2","1"
"1643","ORD-555108","1","4","2","3","2"
"1644","ORD-902850","3","1","1","4","2"
"1645","ORD-838137","6","5","1","1","4"
"1646","ORD-222435","1","3","1","3","5"
"1647","ORD-469806","2","5","5","5","4"
"1648","ORD-866175","1","3","2","1","4"
"1649","ORD-933192","5","5","2","5","3"
"1650","ORD-565183","8","5","4","2","2"
"1651","ORD-793015","3","4","3","2","4"
"1652","ORD-839073","8","3","3","2","2"
"1653","ORD-899990","1","1","2","5","1"
"1654","ORD-868389","2","4","5","5","5"
"1655","ORD-857893","2","4","2","3","3"
"1656","ORD-846122","1","2","4","3","3"
"1657","ORD-659045","3","2","2","2","5"
"1658","ORD-175154","6","3","3","2","5"
"1659","ORD-455661","8","5","2","1","3"
"1660","ORD-699731","3","3","2","1","3"
"1661","ORD-823218","4","1","5","1","1"
"1662","ORD-111527","7","3","4","1","1"
"1663","ORD-546560","3","2","4","1","3"
"1664","ORD-654644","8","5","5","1","2"
"1665","ORD-462461","4","4","1","2","3"
"1666","ORD-404068","5","1","1","4","5"
"1667","ORD-431430","5","1","1","1","3"
"1668","ORD-188965","2","4","2","4","2"
"1669","ORD-624721","2","3","1","3","3"
"1670","ORD-836215","8","2","2","4","5"
"1671","ORD-620360","4","3","4","1","1"
"1672","ORD-769979","5","2","1","4","2"
"1673","ORD-379500","2","5","2","2","2"
"1674","ORD-218897","6","4","5","1","1"
"1675","ORD-488145","2","3","1","4","5"
"1676","ORD-940374","7","1","3","3","4"
"1677","ORD-346898","6","3","1","2","1"
"1678","ORD-952404","2","2","4","4","5"
"1679","ORD-308750","4","5","4","4","1"
"1680","ORD-696668","4","4","5","5","5"
"1681","ORD-923335","8","1","2","2","2"
"1682","ORD-797771","1","5","2","3","2"
"1683","ORD-728163","2","2","2","4","2"
"1684","ORD-980706","7","5","4","2","3"
"1685","ORD-625675","2","5","1","3","4"
"1686","ORD-441033","5","4","2","1","3"
"1687","ORD-238904","3","4","3","5","5"
"1688","ORD-113015","7","4","1","3","3"
"1689","ORD-460199","2","3","3","2","5"
"1690","ORD-597165","7","5","3","3","3"
"1691","ORD-928898","5","5","5","5","2"
"1692","ORD-534483","8","4","3","2","3"
"1693","ORD-730425","7","4","1","5","1"
"1694","ORD-381769","3","4","1","1","1"
"1695","ORD-325869","7","4","4","4","5"
"1696","ORD-320390","5","1","2","3","1"
"1697","ORD-218110","8","4","4","4","2"
"1698","ORD-905399","7","4","3","2","1"
"1699","ORD-609060","1","3","1","5","1"
"1700","ORD-905399","8","5","3","2","5"
"1701","ORD-956073","1","5","2","4","2"
"1702","ORD-865860","2","4","4","1","2"
"1703","ORD-910186","6","1","5","4","2"
"1704","ORD-567676","5","5","2","5","2"
"1705","ORD-425114","8","4","3","5","4"
"1706","ORD-818150","2","4","4","5","2"
"1707","ORD-816334","1","3","4","1","3"
"1708","ORD-874498","8","3","2","4","2"
"1709","ORD-371709","1","1","1","5","1"
"1710","ORD-893621","3","3","2","5","2"
"1711","ORD-999906","3","4","2","3","3"
"1712","ORD-596917","3","1","3","3","5"
"1713","ORD-449240","5","2","5","4","2"
"1714","ORD-728163","6","3","4","3","3"
"1715","ORD-998248","1","5","1","5","4"
"1716","ORD-589258","1","4","1","2","1"
"1717","ORD-741031","5","3","1","2","3"
"1718","ORD-139927","2","5","5","5","1"
"1719","ORD-372733","4","2","3","4","2"
"1720","ORD-204575","8","1","4","2","2"
"1721","ORD-451688","7","1","4","1","2"
"1722","ORD-651481","3","3","3","4","3"
"1723","ORD-761223","7","2","5","4","3"
"1724","ORD-201182","5","5","2","3","5"
"1725","ORD-758399","5","1","5","3","5"
"1726","ORD-380252","5","5","2","1","3"
"1727","ORD-916240","1","1","4","5","5"
"1728","ORD-189102","1","2","4","5","5"
"1729","ORD-975741","2","2","2","1","1"
"1730","ORD-402406","7","1","4","3","3"
"1731","ORD-500601","4","5","4","2","4"
"1732","ORD-112700","1","4","2","1","3"
"1733","ORD-720927","8","4","2","5","4"
"1734","ORD-776296","5","3","1","1","5"
"1735","ORD-710684","5","3","3","5","3"
"1736","ORD-313365","2","2","4","4","1"
"1737","ORD-266901","4","5","5","3","3"
"1738","ORD-670607","3","4","5","4","3"
"1739","ORD-256603","7","1","4","3","3"
"1740","ORD-157352","1","4","4","5","1"
"1741","ORD-214334","6","5","2","2","2"
"1742","ORD-335936","4","5","5","4","4"
"1743","ORD-818150","4","2","5","5","2"
"1744","ORD-801787","7","2","4","3","5"
"1745","ORD-253502","3","5","1","3","2"
"1746","ORD-157585","8","4","4","5","3"
"1747","ORD-262543","2","5","4","4","1"
"1748","ORD-230866","6","1","5","2","2"
"1749","ORD-812678","4","5","5","1","5"
"1750","ORD-322463","5","3","2","4","2"
"1751","ORD-287656","3","3","3","1","2"
"1752","ORD-999906","7","2","2","1","4"
"1753","ORD-410743","4","1","4","4","1"
"1754","ORD-246767","5","2","3","5","3"
"1755","ORD-919696","1","5","5","1","1"
"1756","ORD-214334","7","1","2","5","2"
"1757","ORD-950655","8","3","2","1","2"
"1758","ORD-781812","4","5","4","3","1"
"1759","ORD-272554","7","3","4","4","3"
"1760","ORD-695856","8","3","4","3","5"
"1761","ORD-795970","6","5","4","5","2"
"1762","ORD-678016","1","2","5","5","4"
"1763","ORD-398939","6","1","1","2","3"
"1764","ORD-918231","4","3","4","5","1"
"1765","ORD-916240","4","1","3","2","1"
"1766","ORD-480659","3","5","4","4","2"
"1767","ORD-873923","6","3","4","5","5"
"1768","ORD-894510","2","3","1","2","5"
"1769","ORD-545617","2","2","4","4","5"
"1770","ORD-395972","1","3","2","5","5"
"1771","ORD-511867","2","1","3","5","1"
"1772","ORD-761036","6","2","2","3","3"
"1773","ORD-857893","3","1","1","5","1"
"1774","ORD-232940","6","4","2","4","5"
"1775","ORD-718400","1","5","1","1","3"
"1776","ORD-231031","7","5","1","4","5"
"1777","ORD-710684","6","5","3","1","2"
"1778","ORD-866175","8","5","1","4","5"
"1779","ORD-348652","4","2","2","3","4"
"1780","ORD-463722","1","4","5","5","5"
"1781","ORD-936529","6","1","3","3","5"
"1782","ORD-104658","7","1","2","3","5"
"1783","ORD-157585","4","5","4","2","2"
"1784","ORD-491208","8","2","3","1","5"
"1785","ORD-196503","4","4","3","2","1"
"1786","ORD-329153","1","5","1","4","3"
"1787","ORD-180504","7","1","3","5","4"
"1788","ORD-238904","6","1","2","2","5"
"1789","ORD-885629","8","1","4","3","2"
"1790","ORD-404068","7","1","5","5","2"
"1791","ORD-589236","7","4","3","3","5"
"1792","ORD-755762","5","2","1","5","4"
"1793","ORD-529250","8","5","2","2","2"
"1794","ORD-471853","7","4","1","2","1"
"1795","ORD-296827","7","4","4","2","4"
"1796","ORD-876818","7","1","5","4","4"
"1797","ORD-962633","2","5","4","1","3"
"1798","ORD-859613","4","2","4","1","4"
"1799","ORD-447180","1","1","2","5","2"
"1800","ORD-690825","8","1","2","5","5"
"1801","ORD-894466","1","5","3","2","3"
"1802","ORD-881856","4","4","4","1","2"
"1803","ORD-734172","5","5","2","5","2"
"1804","ORD-991583","8","5","4","3","5"
"1805","ORD-700192","8","4","5","2","4"
"1806","ORD-923116","1","3","4","5","3"
"1807","ORD-342304","1","2","2","4","3"
"1808","ORD-877361","5","5","2","4","2"
"1809","ORD-758399","3","5","5","5","1"
"1810","ORD-589175","7","3","1","1","5"
"1811","ORD-438504","4","5","2","5","5"
"1812","ORD-927928","2","4","1","3","2"
"1813","ORD-176580","6","3","2","1","3"
"1814","ORD-464480","1","1","5","4","4"
"1815","ORD-522028","3","5","1","3","2"
"1816","ORD-464155","1","5","5","5","5"
"1817","ORD-640946","7","4","5","3","4"
"1818","ORD-124150","2","2","3","1","4"
"1819","ORD-161679","4","2","5","2","4"
"1820","ORD-773224","6","2","4","4","1"
"1821","ORD-727430","1","1","5","2","1"
"1822","ORD-727430","3","1","1","1","1"
"1823","ORD-444569","8","2","2","1","3"
"1824","ORD-916240","7","5","1","4","1"
"1825","ORD-574247","4","3","4","5","1"
"1826","ORD-617568","3","2","1","4","1"
"1827","ORD-509712","6","3","5","3","2"
"1828","ORD-913647","8","2","4","2","3"
"1829","ORD-201329","4","1","2","2","3"
"1830","ORD-425397","6","5","1","2","1"
"1831","ORD-522028","5","5","3","2","1"
"1832","ORD-729537","6","4","4","2","2"
"1833","ORD-162189","4","2","5","5","1"
"1834","ORD-971745","5","1","4","1","4"
"1835","ORD-228424","4","4","1","5","1"
"1836","ORD-539048","5","3","3","2","1"
"1837","ORD-339538","1","2","1","1","3"
"1838","ORD-242440","1","3","3","1","4"
"1839","ORD-308750","3","1","5","4","2"
"1840","ORD-834718","5","4","3","3","1"
"1841","ORD-831243","4","3","5","4","3"
"1842","ORD-940374","7","3","2","4","5"
"1843","ORD-581783","6","3","2","5","5"
"1844","ORD-516123","6","3","4","3","5"
"1845","ORD-399907","7","3","3","1","4"
"1846","ORD-922868","4","2","5","5","2"
"1847","ORD-576536","6","2","2","1","5"
"1848","ORD-592377","3","1","4","3","4"
"1849","ORD-828994","5","1","4","2","5"
"1850","ORD-482136","3","1","4","5","2"
"1851","ORD-753620","7","1","4","4","3"
"1852","ORD-226044","7","1","3","1","4"
"1853","ORD-446535","5","5","2","3","4"
"1854","ORD-740313","7","3","3","4","1"
"1855","ORD-250599","4","1","2","4","5"
"1856","ORD-217057","5","4","1","4","1"
"1857","ORD-395972","6","1","3","4","4"
"1858","ORD-641138","7","1","3","2","3"
"1859","ORD-184533","1","4","3","2","4"
"1860","ORD-393622","1","2","1","1","4"
"1861","ORD-482629","6","4","2","5","2"
"1862","ORD-335102","7","5","3","2","1"
"1863","ORD-143447","4","2","5","1","2"
"1864","ORD-154503","2","2","4","4","5"
"1865","ORD-907796","6","5","2","4","3"
"1866","ORD-272554","5","3","2","5","5"
"1867","ORD-920211","5","2","5","5","3"
"1868","ORD-351014","3","4","2","2","1"
"1869","ORD-589175","1","5","1","2","5"
"1870","ORD-253502","7","3","1","3","2"
"1871","ORD-617404","3","4","1","1","5"
"1872","ORD-306013","7","2","5","2","4"
"1873","ORD-998248","5","4","3","5","1"
"1874","ORD-346898","5","2","1","2","4"
"1875","ORD-348652","1","1","3","3","2"
"1876","ORD-528777","1","1","4","2","1"
"1877","ORD-160477","7","4","2","3","5"
"1878","ORD-145944","5","1","2","1","5"
"1879","ORD-254082","1","3","3","3","3"
"1880","ORD-218351","5","2","5","5","4"
"1881","ORD-329153","8","5","2","2","1"
"1882","ORD-850917","7","1","3","5","3"
"1883","ORD-332327","1","4","5","4","1"
"1884","ORD-631802","7","3","4","4","4"
"1885","ORD-579131","3","2","3","1","3"
"1886","ORD-325869","3","5","5","1","3"
"1887","ORD-320390","8","3","3","3","1"
"1888","ORD-632193","2","5","4","2","2"
"1889","ORD-940209","3","3","1","4","4"
"1890","ORD-231031","8","3","4","5","4"
"1891","ORD-810981","1","1","3","1","1"
"1892","ORD-553165","5","2","1","1","4"
"1893","ORD-777179","3","5","3","5","2"
"1894","ORD-785863","5","4","4","5","5"
"1895","ORD-568435","3","5","1","3","2"
"1896","ORD-145944","4","5","2","1","5"
"1897","ORD-210969","1","2","1","1","5"
"1898","ORD-491208","3","5","2","4","4"
"1899","ORD-325869","4","3","3","1","5"
"1900","ORD-654644","4","3","5","5","4"
"1901","ORD-226044","6","4","2","3","3"
"1902","ORD-976598","4","1","1","1","2"
"1903","ORD-174023","4","5","2","4","2"
"1904","ORD-705335","2","2","1","1","2"
"1905","ORD-401349","2","2","5","3","3"
"1906","ORD-954957","1","4","3","2","4"
"1907","ORD-475236","5","1","5","5","2"
"1908","ORD-486106","8","2","2","2","3"
"1909","ORD-922868","2","1","4","5","1"
"1910","ORD-356866","3","1","3","4","2"
"1911","ORD-589175","4","4","4","4","1"
"1912","ORD-171882","7","4","5","5","4"
"1913","ORD-572406","1","1","2","5","3"
"1914","ORD-232940","4","2","2","3","2"
"1915","ORD-936529","5","5","4","2","2"
"1916","ORD-154143","7","5","5","3","3"
"1917","ORD-234698","3","3","2","2","2"
"1918","ORD-997997","3","5","5","3","4"
"1919","ORD-900197","6","5","4","1","1"
"1920","ORD-696668","3","2","3","4","4"
"1921","ORD-355633","8","1","4","2","1"
"1922","ORD-567688","6","3","1","2","1"
"1923","ORD-245260","2","4","5","2","3"
"1924","ORD-560597","5","4","4","2","1"
"1925","ORD-526663","7","1","4","4","1"
"1926","ORD-291451","6","3","3","3","3"
"1927","ORD-449240","3","5","2","4","3"
"1928","ORD-521570","2","2","3","5","4"
"1929","ORD-412352","4","5","3","2","1"
"1930","ORD-661985","6","2","1","2","3"
"1931","ORD-787586","7","5","2","1","3"
"1932","ORD-474117","4","1","5","4","3"
"1933","ORD-632050","7","2","1","4","2"
"1934","ORD-901256","5","4","2","3","3"
"1935","ORD-903805","4","2","4","5","5"
"1936","ORD-472859","8","5","5","2","4"
"1937","ORD-869390","5","4","4","2","3"
"1938","ORD-491208","5","4","4","5","3"
"1939","ORD-495560","6","3","1","2","1"
"1940","ORD-976276","8","1","2","1","2"
"1941","ORD-911092","8","2","1","4","4"
"1942","ORD-123788","6","5","3","3","2"
"1943","ORD-694143","8","5","2","3","4"
"1944","ORD-306013","6","1","3","4","5"
"1945","ORD-315978","8","2","1","5","3"
"1946","ORD-218144","7","1","3","3","1"
"1947","ORD-971385","1","5","1","1","4"
"1948","ORD-495560","3","4","5","2","4"
"1949","ORD-327075","6","5","1","2","5"
"1950","ORD-453802","1","4","2","3","2"
"1951","ORD-581783","8","2","4","3","4"
"1952","ORD-624721","8","5","4","2","3"
"1953","ORD-524147","4","1","5","2","5"
"1954","ORD-140144","6","2","5","2","4"
"1955","ORD-793015","2","4","1","5","5"
"1956","ORD-593507","8","1","3","4","4"
"1957","ORD-839510","6","2","4","4","1"
"1958","ORD-740822","1","2","3","5","4"
"1959","ORD-712243","5","5","5","4","1"
"1960","ORD-428069","2","1","1","4","5"
"1961","ORD-356866","8","1","3","2","3"
"1962","ORD-444569","3","1","3","5","1"
"1963","ORD-115893","3","3","2","4","5"
"1964","ORD-690825","3","5","4","2","4"
"1965","ORD-654644","5","4","4","5","4"
"1966","ORD-365478","1","3","4","3","1"
"1967","ORD-623298","7","4","2","2","3"
"1968","ORD-112700","5","5","3","2","1"
"1969","ORD-507136","1","2","2","1","4"
"1970","ORD-495834","2","4","1","2","1"
"1971","ORD-518259","1","4","3","3","1"
"1972","ORD-387970","6","2","5","5","1"
"1973","ORD-891200","6","1","3","1","2"
"1974","ORD-892553","6","4","4","2","3"
"1975","ORD-229774","3","4","5","5","5"
"1976","ORD-965395","5","4","3","4","2"
"1977","ORD-844114","5","5","1","1","2"
"1978","ORD-551246","2","1","5","5","1"
"1979","ORD-761036","4","3","5","1","2"
"1980","ORD-835315","4","1","1","3","5"
"1981","ORD-779178","4","1","4","2","3"
"1982","ORD-336724","4","4","1","1","5"
"1983","ORD-989305","1","2","1","4","4"
"1984","ORD-687761","5","5","4","4","4"
"1985","ORD-109447","6","1","4","4","1"
"1986","ORD-787586","2","2","5","3","3"
"1987","ORD-901256","5","3","1","4","4"
"1988","ORD-978510","8","5","2","1","4"
"1989","ORD-448818","3","3","3","4","4"
"1990","ORD-637667","2","1","1","2","2"
"1991","ORD-218110","6","5","4","2","3"
"1992","ORD-287004","5","2","4","2","3"
"1993","ORD-176580","5","3","4","5","5"
"1994","ORD-694976","8","3","1","2","4"
"1995","ORD-256130","1","2","1","5","4"
"1996","ORD-534067","8","3","4","1","5"
"1997","ORD-428572","3","5","4","5","4"
"1998","ORD-346729","5","3","3","5","5"
"1999","ORD-793015","8","5","5","2","1"
"2000","ORD-299504","6","5","5","5","2"
